threshold,auroc,pr_auc,accuracy,balanced_accuracy,precision,recall,f1,specificity,negative_precision,negative_recall,negative_f1,positive_precision,positive_recall,positive_f1,tn,fp,fn,tp,model,model_key,threshold_strategy,target_recall,validation_threshold_precision,validation_threshold_recall,validation_threshold_f1
0.59,0.839111520621786,0.19413286844211547,0.7730090959717839,0.7827818439964778,0.12847838957963292,0.793418647166362,0.22114649681528661,0.7721450408265934,0.9888002378710541,0.7721450408265934,0.8671447196870926,0.12847838957963292,0.793418647166362,0.22114649681528661,19953,5888,226,868,Logistic Regression,logistic_regression,fixed_decision_threshold,,0.12810145193898181,0.7965714285714286,0.220709309689677
0.59,0.8381019364165345,0.1976196386074617,0.77742713940969,0.7785190470453293,0.12910549417284697,0.779707495429616,0.2215296714712375,0.7773305986610425,0.9881444313262495,0.7773305986610425,0.8701509670991358,0.12910549417284697,0.779707495429616,0.2215296714712375,20087,5754,241,853,XGBoost,xgboost,fixed_decision_threshold,,0.1287165976665412,0.7817142857142857,0.22103732428502182
0.59,0.8347738741496568,0.19572670515316168,0.7857063300538333,0.7675147702229362,0.12955337345581247,0.7477148080438757,0.22084233261339092,0.7873147324019968,0.9866155860530527,0.7873147324019968,0.8757694459988808,0.12955337345581247,0.7477148080438757,0.22084233261339092,20345,5496,276,818,LightGBM,lightgbm,fixed_decision_threshold,,0.1321827809374387,0.7702857142857142,0.2256444593237362
0.59,0.8089075457726398,0.13714361056368643,0.881084091330982,0.6596544527293793,0.15140495867768594,0.4186471663619744,0.22238407380432143,0.9006617390967842,0.9734002509410289,0.9006617390967842,0.9356193845349842,0.15140495867768594,0.4186471663619744,0.22238407380432143,23274,2567,636,458,Random Forest,random_forest,fixed_decision_threshold,,0.14965986394557823,0.4022857142857143,0.21815928106600557
