threshold,auroc,pr_auc,accuracy,balanced_accuracy,precision,recall,f1,specificity,negative_precision,negative_recall,negative_f1,positive_precision,positive_recall,positive_f1,tn,fp,fn,tp,model,model_key,threshold_strategy,target_recall,validation_threshold_precision,validation_threshold_recall,validation_threshold_f1
0.6242919747543665,0.8614804732951695,0.22345328604559317,0.8361240022275849,0.7837239893492952,0.16191446028513237,0.726691042047532,0.26482345103264493,0.8407569366510584,0.9864245175936436,0.8407569366510584,0.9077842309781473,0.16191446028513237,0.726691042047532,0.26482345103264493,21726,4115,299,795,Logistic Regression,logistic_regression,target_recall,0.7,0.1575325006372674,0.7062857142857143,0.2576073363901626
0.5880198454673103,0.8512338179474295,0.21765025794282386,0.833228141822907,0.7787132454716924,0.1582864038616251,0.7193784277879341,0.2594790636333663,0.8380480631554507,0.9860219460000911,0.8380480631554507,0.9060329679524726,0.1582864038616251,0.7193784277879341,0.2594790636333663,21656,4185,307,787,LightGBM,lightgbm,target_recall,0.7,0.153441802252816,0.7005714285714286,0.2517453798767967
0.6366006731987,0.8585224315454083,0.22490445457127078,0.8412845739743827,0.7759089706726419,0.16324370103747618,0.7047531992687386,0.26508509541000513,0.847064742076545,0.9854583108229785,0.847064742076545,0.9110357313799347,0.16324370103747618,0.7047531992687386,0.26508509541000513,21889,3952,323,771,XGBoost,xgboost,target_recall,0.7,0.16152832674571804,0.7005714285714286,0.26252676659528906
0.26607168231384143,0.8451889939792828,0.1855509792082029,0.8243178021162056,0.7666287443242945,0.14870606411741985,0.7038391224862889,0.24553571428571427,0.8294183661623002,0.9851082410258767,0.8294183661623002,0.9005840581537039,0.14870606411741985,0.7038391224862889,0.24553571428571427,21433,4408,324,770,Random Forest,random_forest,target_recall,0.7,0.14845804446569447,0.7097142857142857,0.24555160142348753
