class,count,ratio
Reference low,129204,0.9593976476179161
Reference high,5468,0.04060235238208388
