model,tn,fp,fn,tp,threshold
Logistic Regression,21726,4115,299,795,0.6242919747543665
LightGBM,21656,4185,307,787,0.5880198454673103
XGBoost,21889,3952,323,771,0.6366006731987
Random Forest,21433,4408,324,770,0.26607168231384143
