outcome_group,stress_level,subjective_health,sex,household_size,smoking_status,body_self_overweight,marital_status,age,education_level,region_group,breakfast_frequency,alcohol_frequency,economic_activity,walking_days,accident_poisoning_experience,weight_control,body_self_thin,basic_livelihood_recipient
TP,1.946913233749382,0.549177794004989,0.10374453381862016,0.052894804219201653,0.09470810484719824,0.07276074521943159,0.029106093726677662,0.027530568029555853,0.03608698078813705,0.009857384443394922,0.019069415197578148,0.006783518455854822,0.026595383130648458,0.00571389482626949,0.014986437566103902,0.003189902039959035,-0.0017865205627242452,0.01576471321118903
FP,1.9123686143141612,0.4550576874792587,0.056542239320976996,0.028222965140341,0.04536824352537592,0.05699816644001057,0.007904638963433413,0.03394988528715767,0.023332237626469025,0.014401352749124309,0.018207411544158537,0.0070307630290282995,0.006834981701877438,0.008551193101077114,0.014482663648822428,0.005147124850060371,-0.001267910757464756,0.005842931920205642
FN,0.3183696622211134,0.104857639084304,0.004275356693741447,0.047793712819163295,0.034679124653345376,0.017995935173501107,0.02944015259887409,-0.00407359108163043,0.007761058585868301,-0.015568069420814191,0.0011911064119060314,-0.0026734195842126854,0.008074825123512258,-0.003915684759749443,0.028068632867351853,0.0016600900167603567,-0.010545368911729002,-0.0018408517300109051
TN,-0.4411166395249606,-0.10075380803739589,-0.029384705956541617,-0.010977480010420695,-0.0011529733717110904,-0.006623518825175752,-0.011470710670009007,0.0006046321000817021,-0.006738746751662099,-0.0004621556433094844,-0.005432182945570249,0.0008223428995493422,-0.004479094201156622,-0.0036634051225387454,-0.00293368370554286,-0.0009485597279730722,-0.004567750587484607,-0.004945022607055177
