outcome_group,stress_level,sex,smoking_status,age,marital_status,region_group,walking_days,alcohol_frequency,economic_activity,accident_poisoning_experience,single_person_household,weight_control,basic_livelihood_recipient,hypertension_diagnosis,diabetes_diagnosis
TP,2.0116158546575567,0.1489346127299286,0.08328991618161889,0.03993005708195552,0.037376827661761765,0.01285090966220642,0.009216508034871129,0.00747949147932166,0.05184001862369526,0.015164803881025974,0.011451969303052185,0.005583742181301976,0.02572317563686828,0.008291037136750262,0.003214588518548075
FP,1.9734145653143533,0.07042715076245343,0.003575724293140721,0.026904823395856467,0.019791748848186595,0.013397857040381907,0.007050450493157822,0.006542812695730877,0.02061409513589174,0.010410229271907705,0.0022648631534277586,0.004568844631909481,0.005382319186767369,-5.9964549567037166e-05,0.0035906409916257247
FN,0.11942311926767615,0.006608595098539209,0.030181973547008304,-0.034483831597823714,-0.000510317017197274,-0.027722717323840667,0.005903169321894741,-0.009898651830506642,-0.0034354662055849057,0.032312666976783894,-0.014089318211258889,0.003249781179894372,0.01010617997926321,-0.007354340499095693,-0.009220979791195575
TN,-0.6105536943091253,-0.00022007098064728316,-0.02427581630504952,-0.014647502356474204,-0.007675248998810101,-0.0030100109409363913,-0.0004833432141417192,-0.0033045252335422355,0.0019584377983930287,-0.002901586349834867,-0.003426114204739425,-0.00023766828076661099,-0.006449180307186731,-0.0019096661114487556,0.0008606910521619694
